UserName,FullName,Email
Essie,Essie Vaill,essie@vaill.com
Cruz,Cruz Roudabush,cruz@roudabush.com
Billie,Billie Tinnes,billie@tinnes.com
Zackary,Zackary Mockus,zackary@mockus.com
Rosemarie,Rosemarie Fifield,rosemarie@fifield.com
Bernard,Bernard Laboy,bernard@laboy.com
Sue,Sue Haakinson,sue@haakinson.com
Valerie,Valerie Pou,valerie@pou.com
Lashawn,Lashawn Hasty,lashawn@hasty.com
Marianne,Marianne Earman,marianne@earman.com
Justina,Justina Dragaj,justina@dragaj.com
Mandy,Mandy Mcdonnell,mandy@mcdonnell.com
Conrad,Conrad Lanfear,conrad@lanfear.com
Cyril,Cyril Behen,cyril@behen.com
Shelley,Shelley Groden,shelley@groden.com
Rosalind,Rosalind Krenzke,rosalind@krenzke.com
Davis,Davis Brevard,davis@brevard.com
Winnie,Winnie Reich,winnie@reich.com
Trudy,Trudy Worlds,trudy@worlds.com
Deshawn,Deshawn Inafuku,deshawn@inafuku.com
